[{"pk": 1, "model": "centro_custo.CentroCusto", "fields": {"codigo": "1", "nome": "DESPESAS"}},
 {"pk": 2, "model": "centro_custo.CentroCusto", "fields": {"codigo": "1.1", "nome": "Despesas administrativas"}},
 {"pk": 3, "model": "centro_custo.CentroCusto", "fields": {"codigo": "1.1.1", "nome": "Aluguel"}},
 {"pk": 4, "model": "centro_custo.CentroCusto", "fields": {"codigo": "1.1.2", "nome": "Água"}},
 {"pk": 5, "model": "centro_custo.CentroCusto", "fields": {"codigo": "1.1.3", "nome": "Luz"}},
 {"pk": 6, "model": "centro_custo.CentroCusto", "fields": {"codigo": "1.1.4", "nome": "Telefone/Internet"}},
 {"pk": 7, "model": "centro_custo.CentroCusto", "fields": {"codigo": "1.1.5", "nome": "Pessoal"}},
 {"pk": 8, "model": "centro_custo.CentroCusto", "fields": {"codigo": "1.1.5.1", "nome": "Salário"}},
 {"pk": 9, "model": "centro_custo.CentroCusto", "fields": {"codigo": "1.1.5.1.1", "nome": "13º Salário"}},
 {"pk": 10, "model": "centro_custo.CentroCusto", "fields": {"codigo": "1.1.5.3", "nome": "FGTS"}},
 {"pk": 11, "model": "centro_custo.CentroCusto", "fields": {"codigo": "1.1.5.4", "nome": "INSS"}},
 {"pk": 12, "model": "centro_custo.CentroCusto", "fields": {"codigo": "1.1.5.5", "nome": "Alimentação"}},
 {"pk": 13, "model": "centro_custo.CentroCusto", "fields": {"codigo": "1.1.5.6", "nome": "Transporte"}},
 {"pk": 14, "model": "centro_custo.CentroCusto", "fields": {"codigo": "1.1.6", "nome": "Honorário contábil"}},
 {"pk": 15, "model": "centro_custo.CentroCusto", "fields": {"codigo": "1.1.7", "nome": "Impostos"}},
 {"pk": 16, "model": "centro_custo.CentroCusto", "fields": {"codigo": "1.1.8", "nome": "Material de escritório"}},
 {"pk": 17, "model": "centro_custo.CentroCusto", "fields": {"codigo": "1.1.9", "nome": "Diversos"}},
 {"pk": 18, "model": "centro_custo.CentroCusto", "fields": {"codigo": "1.2", "nome": "Despesas variáveis"}},
 {"pk": 19, "model": "centro_custo.CentroCusto", "fields": {"codigo": "1.2.1", "nome": "Açaí"}},
 {"pk": 20, "model": "centro_custo.CentroCusto", "fields": {"codigo": "1.2.2", "nome": "Sorvete"}},
 {"pk": 21, "model": "centro_custo.CentroCusto", "fields": {"codigo": "1.2.3", "nome": "Picolé"}},
 {"pk": 22, "model": "centro_custo.CentroCusto", "fields": {"codigo": "1.2.4", "nome": "Frutas"}},
 {"pk": 23, "model": "centro_custo.CentroCusto", "fields": {"codigo": "1.2.5", "nome": "Iguarias"}},
 {"pk": 24, "model": "centro_custo.CentroCusto", "fields": {"codigo": "1.2.6", "nome": "Descartáveis"}},
 {"pk": 25, "model": "centro_custo.CentroCusto", "fields": {"codigo": "1.2.7", "nome": "Diversos"}},
 {"pk": 26, "model": "centro_custo.CentroCusto", "fields": {"codigo": "1.3", "nome": "Despesas bancárias"}},
 {"pk": 27, "model": "centro_custo.CentroCusto", "fields": {"codigo": "1.3.1", "nome": "Tarifas bancárias"}},
 {"pk": 28, "model": "centro_custo.CentroCusto", "fields": {"codigo": "1.3.2", "nome": "IOF"}},
 {"pk": 29, "model": "centro_custo.CentroCusto", "fields": {"codigo": "1.3.3", "nome": "Juros de mora"}},
 {"pk": 30, "model": "centro_custo.CentroCusto", "fields": {"codigo": "1.3.4", "nome": "Juros de financiamento"}},
 {"pk": 31, "model": "centro_custo.CentroCusto", "fields": {"codigo": "1.3.5", "nome": "Juros de empréstimo"}},
 {"pk": 32, "model": "centro_custo.CentroCusto", "fields": {"codigo": "1.3.6", "nome": "Multa financeira"}},
 {"pk": 33, "model": "centro_custo.CentroCusto", "fields": {"codigo": "2", "nome": "INTANGÍVEIS"}},
 {"pk": 34, "model": "centro_custo.CentroCusto", "fields": {"codigo": "2.1", "nome": "Publicidade e propaganda"}},
 {"pk": 35, "model": "centro_custo.CentroCusto", "fields": {"codigo": "2.2", "nome": "Software"}},
 {"pk": 36, "model": "centro_custo.CentroCusto", "fields": {"codigo": "2.3", "nome": "Licença de uso"}},
 {"pk": 37, "model": "centro_custo.CentroCusto", "fields": {"codigo": "3", "nome": "INVESTIMENTO"}},
 {"pk": 38, "model": "centro_custo.CentroCusto", "fields": {"codigo": "3.1", "nome": "Móveis"}},
 {"pk": 39, "model": "centro_custo.CentroCusto", "fields": {"codigo": "3.2", "nome": "Utensílios"}},
 {"pk": 40, "model": "centro_custo.CentroCusto", "fields": {"codigo": "3.3", "nome": "Equipamentos"}},
 {"pk": 41, "model": "centro_custo.CentroCusto", "fields": {"codigo": "3.4", "nome": "Reforma"}},
 {"pk": 42, "model": "centro_custo.CentroCusto", "fields": {"codigo": "4", "nome": "RECEITA"}},
 {"pk": 43, "model": "centro_custo.CentroCusto", "fields": {"codigo": "4.1", "nome": "Receitas de vendas"}},
 {"pk": 44, "model": "centro_custo.CentroCusto", "fields": {"codigo": "4.1.1", "nome": "Açaí"}},
 {"pk": 45, "model": "centro_custo.CentroCusto", "fields": {"codigo": "4.1.2", "nome": "Sorvete"}},
 {"pk": 46, "model": "centro_custo.CentroCusto", "fields": {"codigo": "4.1.3", "nome": "Picolé"}},
 {"pk": 47, "model": "centro_custo.CentroCusto", "fields": {"codigo": "4.1.4", "nome": "Vitaminas/Sucos"}},
 {"pk": 48, "model": "centro_custo.CentroCusto", "fields": {"codigo": "4.1.5", "nome": "Diversos"}},
 {"pk": 49, "model": "centro_custo.CentroCusto", "fields": {"codigo": "4.2", "nome": "Empréstimo"}},
 {"pk": 50, "model": "centro_custo.CentroCusto", "fields": {"codigo": "4.2.1", "nome": "Captação de empréstimo"}},
 {"pk": 51, "model": "centro_custo.CentroCusto", "fields": {"codigo": "4.2.2", "nome": "Amortização de empréstimo"}},
 {"pk": 52, "model": "centro_custo.CentroCusto", "fields": {"codigo": "5", "nome": "TRANSFERÊNCIA"}},
 {"pk": 53, "model": "centro_custo.CentroCusto", "fields": {"codigo": "5.1", "nome": "Transferência entre contas"}},
 {"pk": 54, "model": "centro_custo.CentroCusto", "fields": {"codigo": "5.2", "nome": "Suprimento de caixa"}}
]