[{"pk": 1, "model": "estado.Estado", "fields": {"cdestado": "12", "sgestado": "AC", "nmestado":"Acre", "pais": 30, "dsregiao":"Norte"}},
 {"pk": 2, "model": "estado.Estado", "fields": {"cdestado": "27", "sgestado": "AL", "nmestado":"Alagoas", "pais": 30, "dsregiao":"Nordeste"}},
 {"pk": 3, "model": "estado.Estado", "fields": {"cdestado": "13", "sgestado": "AM", "nmestado":"Amazonas", "pais": 30, "dsregiao":"Norte"}},
 {"pk": 4, "model": "estado.Estado", "fields": {"cdestado": "16", "sgestado": "AP", "nmestado":"Amapá", "pais": 30, "dsregiao":"Norte"}},
 {"pk": 5, "model": "estado.Estado", "fields": {"cdestado": "29", "sgestado": "BA", "nmestado":"Bahia", "pais": 30, "dsregiao":"Nordeste"}},
 {"pk": 6, "model": "estado.Estado", "fields": {"cdestado": "53", "sgestado": "DF", "nmestado":"Distrito Federal", "pais": 30, "dsregiao":"Centro-Oeste"}},
 {"pk": 7, "model": "estado.Estado", "fields": {"cdestado": "23", "sgestado": "CE", "nmestado":"Ceará", "pais": 30, "dsregiao":"Nordeste"}},
 {"pk": 8, "model": "estado.Estado", "fields": {"cdestado": "32", "sgestado": "ES", "nmestado":"Espírito Santo", "pais": 30, "dsregiao":"Sudeste"}},
 {"pk": 9, "model": "estado.Estado", "fields": {"cdestado": "52", "sgestado": "GO", "nmestado":"Goiás", "pais": 30, "dsregiao":"Centro-Oeste"}},
 {"pk": 10, "model": "estado.Estado", "fields": {"cdestado": "21", "sgestado": "MA", "nmestado":"Maranhão", "pais": 30, "dsregiao":"Nordeste"}},
 {"pk": 11, "model": "estado.Estado", "fields": {"cdestado": "51", "sgestado": "MT", "nmestado":"Mato Grosso", "pais": 30, "dsregiao":"Centro-Oeste"}},
 {"pk": 12, "model": "estado.Estado", "fields": {"cdestado": "50", "sgestado": "MS", "nmestado":"Mato Grosso do Sul", "pais": 30, "dsregiao":"Centro-Oeste"}},
 {"pk": 13, "model": "estado.Estado", "fields": {"cdestado": "31", "sgestado": "MG", "nmestado":"Minas Gerais", "pais": 30, "dsregiao":"Sudeste"}},
 {"pk": 14, "model": "estado.Estado", "fields": {"cdestado": "15", "sgestado": "PA", "nmestado":"Pará", "pais": 30, "dsregiao":"Norte"}},
 {"pk": 15, "model": "estado.Estado", "fields": {"cdestado": "25", "sgestado": "PB", "nmestado":"Paraíba", "pais": 30, "dsregiao":"Nordeste"}},
 {"pk": 16, "model": "estado.Estado", "fields": {"cdestado": "26", "sgestado": "PE", "nmestado":"Pernambuco", "pais": 30, "dsregiao":"Nordeste"}},
 {"pk": 17, "model": "estado.Estado", "fields": {"cdestado": "41", "sgestado": "PR", "nmestado":"Paraná", "pais": 30, "dsregiao":"Sul"}},
 {"pk": 18, "model": "estado.Estado", "fields": {"cdestado": "22", "sgestado": "PI", "nmestado":"Piauí", "pais": 30, "dsregiao":"Nordeste"}},
 {"pk": 19, "model": "estado.Estado", "fields": {"cdestado": "33", "sgestado": "RJ", "nmestado":"Rio de Janeiro", "pais": 30, "dsregiao":"Sudeste"}},
 {"pk": 20, "model": "estado.Estado", "fields": {"cdestado": "24", "sgestado": "RN", "nmestado":"Rio Grande do Norte", "pais": 30, "dsregiao":"Nordeste"}},
 {"pk": 21, "model": "estado.Estado", "fields": {"cdestado": "43", "sgestado": "RS", "nmestado":"Rio Grande do Sul", "pais": 30, "dsregiao":"Sul"}},
 {"pk": 22, "model": "estado.Estado", "fields": {"cdestado": "14", "sgestado": "RR", "nmestado":"Roraima", "pais": 30, "dsregiao":"Norte"}},
 {"pk": 23, "model": "estado.Estado", "fields": {"cdestado": "11", "sgestado": "RO", "nmestado":"Rondônia", "pais": 30, "dsregiao":"Norte"}},
 {"pk": 24, "model": "estado.Estado", "fields": {"cdestado": "42", "sgestado": "SC", "nmestado":"Santa Catarina", "pais": 30, "dsregiao":"Sul"}},
 {"pk": 25, "model": "estado.Estado", "fields": {"cdestado": "35", "sgestado": "SP", "nmestado":"São Paulo", "pais": 30, "dsregiao":"Sudeste"}},
 {"pk": 26, "model": "estado.Estado", "fields": {"cdestado": "28", "sgestado": "SE", "nmestado":"Sergipe", "pais": 30, "dsregiao":"Nordeste"}},
 {"pk": 27, "model": "estado.Estado", "fields": {"cdestado": "17", "sgestado": "TO", "nmestado":"Tocantins", "pais": 30, "dsregiao":"Norte"}}
]