[{"pk": 1, "model": "pais.Pais", "fields": {"cdpais": "132", "nmpais": "Afeganistão", "cdsiscomex":"13", "sgpais2":"AF", "sgpais3":"AFG"}},
 {"pk": 2, "model": "pais.Pais", "fields": {"cdpais": "175", "nmpais": "Albânia", "cdsiscomex":"17", "sgpais2":"AL", "sgpais3":"ALB"}}, 
 {"pk": 3, "model": "pais.Pais", "fields": {"cdpais": "230", "nmpais": "Alemanha", "cdsiscomex":"23", "sgpais2":"DE", "sgpais3":"DEU"}}, 
 {"pk": 4, "model": "pais.Pais", "fields": {"cdpais": "310", "nmpais": "Burkina Fasso", "cdsiscomex":"31", "sgpais2":"BF", "sgpais3":"BFA"}}, 
 {"pk": 5, "model": "pais.Pais", "fields": {"cdpais": "370", "nmpais": "Andorra", "cdsiscomex":"37", "sgpais2":"AD", "sgpais3":"AND"}}, 
 {"pk": 6, "model": "pais.Pais", "fields": {"cdpais": "400", "nmpais": "Angola", "cdsiscomex":"40", "sgpais2":"AO", "sgpais3":"AGO"}}, 
 {"pk": 7, "model": "pais.Pais", "fields": {"cdpais": "418", "nmpais": "Anguilla", "cdsiscomex":"41", "sgpais2":"AI", "sgpais3":"AIA"}}, 
 {"pk": 8, "model": "pais.Pais", "fields": {"cdpais": "434", "nmpais": "Antígua e Barbuda", "cdsiscomex":"43", "sgpais2":"AG", "sgpais3":"ATG"}}, 
 {"pk": 9, "model": "pais.Pais", "fields": {"cdpais": "477", "nmpais": "Antilhas Holandesas", "cdsiscomex":"47", "sgpais2":"AN", "sgpais3":"ANT"}}, 
 {"pk": 10, "model": "pais.Pais", "fields": {"cdpais": "531", "nmpais": "Arábia Saudita", "cdsiscomex":"53", "sgpais2":"SA", "sgpais3":"SAU"}}, 
 {"pk": 11, "model": "pais.Pais", "fields": {"cdpais": "590", "nmpais": "Argélia", "cdsiscomex":"59", "sgpais2":"DZ", "sgpais3":"DZA"}}, 
 {"pk": 12, "model": "pais.Pais", "fields": {"cdpais": "639", "nmpais": "Argentina", "cdsiscomex":"63", "sgpais2":"AR", "sgpais3":"ARG"}}, 
 {"pk": 13, "model": "pais.Pais", "fields": {"cdpais": "647", "nmpais": "República da Armênia", "cdsiscomex":"64", "sgpais2":"AM", "sgpais3":"ARM"}}, 
 {"pk": 14, "model": "pais.Pais", "fields": {"cdpais": "655", "nmpais": "Aruba", "cdsiscomex":"65", "sgpais2":"AW", "sgpais3":"ABW"}}, 
 {"pk": 15, "model": "pais.Pais", "fields": {"cdpais": "698", "nmpais": "Austrália", "cdsiscomex":"69", "sgpais2":"AU", "sgpais3":"AUS"}}, 
 {"pk": 16, "model": "pais.Pais", "fields": {"cdpais": "728", "nmpais": "Áustria", "cdsiscomex":"72", "sgpais2":"AT", "sgpais3":"AUT"}}, 
 {"pk": 17, "model": "pais.Pais", "fields": {"cdpais": "736", "nmpais": "República do Azerbaijão", "cdsiscomex":"73", "sgpais2":"AZ", "sgpais3":"AZE"}}, 
 {"pk": 18, "model": "pais.Pais", "fields": {"cdpais": "779", "nmpais": "Bahamas", "cdsiscomex":"77", "sgpais2":"BS", "sgpais3":"BHS"}}, 
 {"pk": 19, "model": "pais.Pais", "fields": {"cdpais": "809", "nmpais": "Bahrein", "cdsiscomex":"80", "sgpais2":"BH", "sgpais3":"BHR"}}, 
 {"pk": 20, "model": "pais.Pais", "fields": {"cdpais": "817", "nmpais": "Bangladesh", "cdsiscomex":"81", "sgpais2":"BD", "sgpais3":"BGD"}}, 
 {"pk": 21, "model": "pais.Pais", "fields": {"cdpais": "833", "nmpais": "Barbados", "cdsiscomex":"83", "sgpais2":"BB", "sgpais3":"BRB"}}, 
 {"pk": 22, "model": "pais.Pais", "fields": {"cdpais": "850", "nmpais": "República da Belarus", "cdsiscomex":"85", "sgpais2":"BY", "sgpais3":"BLR"}}, 
 {"pk": 23, "model": "pais.Pais", "fields": {"cdpais": "876", "nmpais": "Bélgica", "cdsiscomex":"87", "sgpais2":"BE", "sgpais3":"BEL"}}, 
 {"pk": 24, "model": "pais.Pais", "fields": {"cdpais": "884", "nmpais": "Belize", "cdsiscomex":"88", "sgpais2":"BZ", "sgpais3":"BLZ"}}, 
 {"pk": 25, "model": "pais.Pais", "fields": {"cdpais": "906", "nmpais": "Bermudas", "cdsiscomex":"90", "sgpais2":"BM", "sgpais3":"BMU"}}, 
 {"pk": 27, "model": "pais.Pais", "fields": {"cdpais": "973", "nmpais": "Bolívia", "cdsiscomex":"97", "sgpais2":"BO", "sgpais3":"BOL"}}, 
 {"pk": 28, "model": "pais.Pais", "fields": {"cdpais": "981", "nmpais": "Bósnia-Herzegóvina", "cdsiscomex":"98", "sgpais2":"BA", "sgpais3":"BIH"}}, 
 {"pk": 29, "model": "pais.Pais", "fields": {"cdpais": "1015", "nmpais": "Botsuana", "cdsiscomex":"101", "sgpais2":"BW", "sgpais3":"BWA"}}, 
 {"pk": 30, "model": "pais.Pais", "fields": {"cdpais": "1058", "nmpais": "Brasil", "cdsiscomex":"105", "sgpais2":"BR", "sgpais3":"BRA"}}, 
 {"pk": 31, "model": "pais.Pais", "fields": {"cdpais": "1082", "nmpais": "Brunei", "cdsiscomex":"108", "sgpais2":"BN", "sgpais3":"BRN"}}, 
 {"pk": 32, "model": "pais.Pais", "fields": {"cdpais": "1112", "nmpais": "República da Bulgária", "cdsiscomex":"111", "sgpais2":"BG", "sgpais3":"BGR"}}, 
 {"pk": 33, "model": "pais.Pais", "fields": {"cdpais": "1155", "nmpais": "Burundi", "cdsiscomex":"115", "sgpais2":"BI", "sgpais3":"BDI"}}, 
 {"pk": 34, "model": "pais.Pais", "fields": {"cdpais": "1198", "nmpais": "Butão", "cdsiscomex":"119", "sgpais2":"BT", "sgpais3":"BTN"}}, 
 {"pk": 35, "model": "pais.Pais", "fields": {"cdpais": "1279", "nmpais": "República de Cabo Verde", "cdsiscomex":"127", "sgpais2":"CV", "sgpais3":"CPV"}}, 
 {"pk": 36, "model": "pais.Pais", "fields": {"cdpais": "1376", "nmpais": "Ilhas Cayman", "cdsiscomex":"137", "sgpais2":"KY", "sgpais3":"CYM"}}, 
 {"pk": 37, "model": "pais.Pais", "fields": {"cdpais": "1414", "nmpais": "Camboja", "cdsiscomex":"141", "sgpais2":"KH", "sgpais3":"KHM"}}, 
 {"pk": 38, "model": "pais.Pais", "fields": {"cdpais": "1457", "nmpais": "Camarões", "cdsiscomex":"145", "sgpais2":"CM", "sgpais3":"CMR"}}, 
 {"pk": 39, "model": "pais.Pais", "fields": {"cdpais": "1490", "nmpais": "Canadá", "cdsiscomex":"149", "sgpais2":"CA", "sgpais3":"CAN"}}, 
 {"pk": 40, "model": "pais.Pais", "fields": {"cdpais": "1504", "nmpais": "Ilhas do Canal Guernsey (Inclui Alderney e Sark)", "cdsiscomex":"150", "sgpais2":"G", "sgpais3":"GGY"}}, 
 {"pk": 41, "model": "pais.Pais", "fields": {"cdpais": "1508", "nmpais": "Ilha do Canal Jersey", "cdsiscomex":"150", "sgpais2":"JE", "sgpais3":"JEY"}}, 
 {"pk": 43, "model": "pais.Pais", "fields": {"cdpais": "1538", "nmpais": "República do Cazaquistão", "cdsiscomex":"153", "sgpais2":"KZ", "sgpais3":"KAZ"}}, 
 {"pk": 45, "model": "pais.Pais", "fields": {"cdpais": "1589", "nmpais": "Chile", "cdsiscomex":"158", "sgpais2":"CL", "sgpais3":"CHL"}}, 
 {"pk": 46, "model": "pais.Pais", "fields": {"cdpais": "1600", "nmpais": "China", "cdsiscomex":"160", "sgpais2":"CN", "sgpais3":"CHN"}}, 
 {"pk": 47, "model": "pais.Pais", "fields": {"cdpais": "1619", "nmpais": "Formosa (Taiwan)", "cdsiscomex":"161", "sgpais2":"TW", "sgpais3":"TWN"}}, 
 {"pk": 48, "model": "pais.Pais", "fields": {"cdpais": "1635", "nmpais": "Chipre", "cdsiscomex":"163", "sgpais2":"CY", "sgpais3":"CYP"}}, 
 {"pk": 49, "model": "pais.Pais", "fields": {"cdpais": "1651", "nmpais": "Ilhas Cocos (Keeling)", "cdsiscomex":"165", "sgpais2":"CC", "sgpais3":"CCK"}}, 
 {"pk": 50, "model": "pais.Pais", "fields": {"cdpais": "1694", "nmpais": "Colômbia", "cdsiscomex":"169", "sgpais2":"CO", "sgpais3":"COL"}}, 
 {"pk": 51, "model": "pais.Pais", "fields": {"cdpais": "1732", "nmpais": "Ilhas Comores", "cdsiscomex":"173", "sgpais2":"KM", "sgpais3":"COM"}}, 
 {"pk": 52, "model": "pais.Pais", "fields": {"cdpais": "1775", "nmpais": "Congo", "cdsiscomex":"177", "sgpais2":"CG", "sgpais3":"COG"}}, 
 {"pk": 53, "model": "pais.Pais", "fields": {"cdpais": "1830", "nmpais": "Ilhas Cook", "cdsiscomex":"183", "sgpais2":"CK", "sgpais3":"COK"}}, 
 {"pk": 54, "model": "pais.Pais", "fields": {"cdpais": "1872", "nmpais": "Coréia(NORTE)Rep.Pop.Democrática", "cdsiscomex":"187", "sgpais2":"KP", "sgpais3":"PRK"}}, 
 {"pk": 55, "model": "pais.Pais", "fields": {"cdpais": "1902", "nmpais": "República da Coréia(SUL)", "cdsiscomex":"190", "sgpais2":"KR", "sgpais3":"KOR"}}, 
 {"pk": 56, "model": "pais.Pais", "fields": {"cdpais": "1937", "nmpais": "Costa Do Marfim", "cdsiscomex":"193", "sgpais2":"CI", "sgpais3":"CIV"}}, 
 {"pk": 57, "model": "pais.Pais", "fields": {"cdpais": "1953", "nmpais": "Croácia", "cdsiscomex":"195", "sgpais2":"HR", "sgpais3":"HRV"}}, 
 {"pk": 58, "model": "pais.Pais", "fields": {"cdpais": "1961", "nmpais": "Costa Rica", "cdsiscomex":"196", "sgpais2":"CR", "sgpais3":"CRI"}}, 
 {"pk": 60, "model": "pais.Pais", "fields": {"cdpais": "1996", "nmpais": "Cuba", "cdsiscomex":"199", "sgpais2":"CU", "sgpais3":"CUB"}}, 
 {"pk": 61, "model": "pais.Pais", "fields": {"cdpais": "2291", "nmpais": "Benin", "cdsiscomex":"229", "sgpais2":"BJ", "sgpais3":"BEN"}}, 
 {"pk": 62, "model": "pais.Pais", "fields": {"cdpais": "2321", "nmpais": "Dinamarca", "cdsiscomex":"232", "sgpais2":"DK", "sgpais3":"DNK"}}, 
 {"pk": 63, "model": "pais.Pais", "fields": {"cdpais": "2356", "nmpais": "Dominica", "cdsiscomex":"235", "sgpais2":"DM", "sgpais3":"DMA"}}, 
 {"pk": 64, "model": "pais.Pais", "fields": {"cdpais": "2399", "nmpais": "Equador", "cdsiscomex":"239", "sgpais2":"EC", "sgpais3":"ECU"}}, 
 {"pk": 65, "model": "pais.Pais", "fields": {"cdpais": "2402", "nmpais": "Egito", "cdsiscomex":"240", "sgpais2":"EG", "sgpais3":"EGY"}}, 
 {"pk": 66, "model": "pais.Pais", "fields": {"cdpais": "2437", "nmpais": "Eritréia", "cdsiscomex":"243", "sgpais2":"ER", "sgpais3":"ERI"}}, 
 {"pk": 67, "model": "pais.Pais", "fields": {"cdpais": "2445", "nmpais": "Emirados Árabes Unidos", "cdsiscomex":"244", "sgpais2":"AE", "sgpais3":"ARE"}}, 
 {"pk": 68, "model": "pais.Pais", "fields": {"cdpais": "2453", "nmpais": "Espanha", "cdsiscomex":"245", "sgpais2":"ES", "sgpais3":"ESP"}}, 
 {"pk": 69, "model": "pais.Pais", "fields": {"cdpais": "2461", "nmpais": "Eslovênia", "cdsiscomex":"246", "sgpais2":"SI", "sgpais3":"SVN"}}, 
 {"pk": 71, "model": "pais.Pais", "fields": {"cdpais": "2496", "nmpais": "Estados Unidos", "cdsiscomex":"249", "sgpais2":"US", "sgpais3":"USA"}}, 
 {"pk": 72, "model": "pais.Pais", "fields": {"cdpais": "2518", "nmpais": "Estônia", "cdsiscomex":"251", "sgpais2":"EE", "sgpais3":"EST"}}, 
 {"pk": 73, "model": "pais.Pais", "fields": {"cdpais": "2534", "nmpais": "Etiópia", "cdsiscomex":"253", "sgpais2":"ET", "sgpais3":"ETH"}}, 
 {"pk": 74, "model": "pais.Pais", "fields": {"cdpais": "2550", "nmpais": "Falkland (Ilhas Malvinas)", "cdsiscomex":"255", "sgpais2":"FK", "sgpais3":"FLK"}}, 
 {"pk": 76, "model": "pais.Pais", "fields": {"cdpais": "2674", "nmpais": "Filipinas", "cdsiscomex":"267", "sgpais2":"PH", "sgpais3":"PHL"}}, 
 {"pk": 77, "model": "pais.Pais", "fields": {"cdpais": "2712", "nmpais": "Finlândia", "cdsiscomex":"271", "sgpais2":"FI", "sgpais3":"FIN"}}, 
 {"pk": 78, "model": "pais.Pais", "fields": {"cdpais": "2755", "nmpais": "França", "cdsiscomex":"275", "sgpais2":"FR", "sgpais3":"FRA"}}, 
 {"pk": 79, "model": "pais.Pais", "fields": {"cdpais": "2810", "nmpais": "Gabão", "cdsiscomex":"281", "sgpais2":"GA", "sgpais3":"GAB"}}, 
 {"pk": 80, "model": "pais.Pais", "fields": {"cdpais": "2852", "nmpais": "Gâmbia", "cdsiscomex":"285", "sgpais2":"GM", "sgpais3":"GMB"}}, 
 {"pk": 81, "model": "pais.Pais", "fields": {"cdpais": "2895", "nmpais": "Gana", "cdsiscomex":"289", "sgpais2":"GH", "sgpais3":"GHA"}}, 
 {"pk": 82, "model": "pais.Pais", "fields": {"cdpais": "2917", "nmpais": "Geórgia", "cdsiscomex":"291", "sgpais2":"GE", "sgpais3":"GEO"}}, 
 {"pk": 83, "model": "pais.Pais", "fields": {"cdpais": "2933", "nmpais": "Gibraltar", "cdsiscomex":"293", "sgpais2":"GI", "sgpais3":"GIB"}}, 
 {"pk": 84, "model": "pais.Pais", "fields": {"cdpais": "2976", "nmpais": "Granada", "cdsiscomex":"297", "sgpais2":"GD", "sgpais3":"GRD"}}, 
 {"pk": 85, "model": "pais.Pais", "fields": {"cdpais": "3018", "nmpais": "Grécia", "cdsiscomex":"301", "sgpais2":"GR", "sgpais3":"GRC"}}, 
 {"pk": 86, "model": "pais.Pais", "fields": {"cdpais": "3050", "nmpais": "Groenlândia", "cdsiscomex":"305", "sgpais2":"GL", "sgpais3":"GRL"}}, 
 {"pk": 87, "model": "pais.Pais", "fields": {"cdpais": "3093", "nmpais": "Guadalupe", "cdsiscomex":"309", "sgpais2":"GP", "sgpais3":"GLP"}}, 
 {"pk": 88, "model": "pais.Pais", "fields": {"cdpais": "3131", "nmpais": "Guam", "cdsiscomex":"313", "sgpais2":"GU", "sgpais3":"GUM"}}, 
 {"pk": 89, "model": "pais.Pais", "fields": {"cdpais": "3174", "nmpais": "Guatemala", "cdsiscomex":"317", "sgpais2":"GT", "sgpais3":"GTM"}}, 
 {"pk": 90, "model": "pais.Pais", "fields": {"cdpais": "3255", "nmpais": "Guiana Francesa", "cdsiscomex":"325", "sgpais2":"GF", "sgpais3":"GUF"}}, 
 {"pk": 91, "model": "pais.Pais", "fields": {"cdpais": "3298", "nmpais": "Guiné", "cdsiscomex":"329", "sgpais2":"GN", "sgpais3":"GIN"}}, 
 {"pk": 92, "model": "pais.Pais", "fields": {"cdpais": "3310", "nmpais": "Guiné-Equatorial", "cdsiscomex":"331", "sgpais2":"GQ", "sgpais3":"GNQ"}}, 
 {"pk": 93, "model": "pais.Pais", "fields": {"cdpais": "3344", "nmpais": "Guiné-Bissau", "cdsiscomex":"334", "sgpais2":"GW", "sgpais3":"GNB"}}, 
 {"pk": 94, "model": "pais.Pais", "fields": {"cdpais": "3379", "nmpais": "Guiana", "cdsiscomex":"337", "sgpais2":"GY", "sgpais3":"GUY"}}, 
 {"pk": 95, "model": "pais.Pais", "fields": {"cdpais": "3417", "nmpais": "Haiti", "cdsiscomex":"341", "sgpais2":"HT", "sgpais3":"HTI"}}, 
 {"pk": 96, "model": "pais.Pais", "fields": {"cdpais": "3450", "nmpais": "Honduras", "cdsiscomex":"345", "sgpais2":"HN", "sgpais3":"HND"}}, 
 {"pk": 97, "model": "pais.Pais", "fields": {"cdpais": "3514", "nmpais": "Hong Kong", "cdsiscomex":"351", "sgpais2":"HK", "sgpais3":"HKG"}}, 
 {"pk": 98, "model": "pais.Pais", "fields": {"cdpais": "3557", "nmpais": "Hungria", "cdsiscomex":"355", "sgpais2":"HU", "sgpais3":"HUN"}}, 
 {"pk": 99, "model": "pais.Pais", "fields": {"cdpais": "3573", "nmpais": "Iêmen", "cdsiscomex":"357", "sgpais2":"YE", "sgpais3":"YEM"}}, 
 {"pk": 100, "model": "pais.Pais", "fields": {"cdpais": "3595", "nmpais": "Ilha do Homem", "cdsiscomex":"359", "sgpais2":"IM", "sgpais3":"IMN"}}, 
 {"pk": 101, "model": "pais.Pais", "fields": {"cdpais": "3611", "nmpais": "Índia", "cdsiscomex":"361", "sgpais2":"IN", "sgpais3":"IND"}}, 
 {"pk": 102, "model": "pais.Pais", "fields": {"cdpais": "3654", "nmpais": "Indonésia", "cdsiscomex":"365", "sgpais2":"ID", "sgpais3":"IDN"}}, 
 {"pk": 103, "model": "pais.Pais", "fields": {"cdpais": "3697", "nmpais": "Iraque", "cdsiscomex":"369", "sgpais2":"IQ", "sgpais3":"IRQ"}}, 
 {"pk": 104, "model": "pais.Pais", "fields": {"cdpais": "3727", "nmpais": "Irã", "cdsiscomex":"372", "sgpais2":"IR", "sgpais3":"IRN"}}, 
 {"pk": 105, "model": "pais.Pais", "fields": {"cdpais": "3751", "nmpais": "Irlanda", "cdsiscomex":"375", "sgpais2":"IE", "sgpais3":"IRL"}}, 
 {"pk": 106, "model": "pais.Pais", "fields": {"cdpais": "3794", "nmpais": "Islândia", "cdsiscomex":"379", "sgpais2":"IS", "sgpais3":"ISL"}}, 
 {"pk": 107, "model": "pais.Pais", "fields": {"cdpais": "3832", "nmpais": "Israel", "cdsiscomex":"383", "sgpais2":"IL", "sgpais3":"ISR"}}, 
 {"pk": 108, "model": "pais.Pais", "fields": {"cdpais": "3867", "nmpais": "Itália", "cdsiscomex":"386", "sgpais2":"IT", "sgpais3":"ITA"}}, 
 {"pk": 109, "model": "pais.Pais", "fields": {"cdpais": "3913", "nmpais": "Jamaica", "cdsiscomex":"391", "sgpais2":"JM", "sgpais3":"JAM"}}, 
 {"pk": 111, "model": "pais.Pais", "fields": {"cdpais": "3999", "nmpais": "Japão", "cdsiscomex":"399", "sgpais2":"JP", "sgpais3":"JPN"}}, 
 {"pk": 112, "model": "pais.Pais", "fields": {"cdpais": "4030", "nmpais": "Jordânia", "cdsiscomex":"403", "sgpais2":"JO", "sgpais3":"JOR"}}, 
 {"pk": 113, "model": "pais.Pais", "fields": {"cdpais": "4111", "nmpais": "Kiribati", "cdsiscomex":"411", "sgpais2":"KI", "sgpais3":"KIR"}}, 
 {"pk": 114, "model": "pais.Pais", "fields": {"cdpais": "4200", "nmpais": "Laos", "cdsiscomex":"420", "sgpais2":"LA", "sgpais3":"LAO"}}, 
 {"pk": 115, "model": "pais.Pais", "fields": {"cdpais": "4260", "nmpais": "Lesoto", "cdsiscomex":"426", "sgpais2":"LS", "sgpais3":"LSO"}}, 
 {"pk": 117, "model": "pais.Pais", "fields": {"cdpais": "4316", "nmpais": "Libano", "cdsiscomex":"431", "sgpais2":"LB", "sgpais3":"LBN"}}, 
 {"pk": 118, "model": "pais.Pais", "fields": {"cdpais": "4340", "nmpais": "Libéria", "cdsiscomex":"434", "sgpais2":"LR", "sgpais3":"LBR"}}, 
 {"pk": 119, "model": "pais.Pais", "fields": {"cdpais": "4383", "nmpais": "Líbia", "cdsiscomex":"438", "sgpais2":"LY", "sgpais3":"LBY"}}, 
 {"pk": 120, "model": "pais.Pais", "fields": {"cdpais": "4405", "nmpais": "Liechtenstein", "cdsiscomex":"440", "sgpais2":"LI", "sgpais3":"LIE"}}, 
 {"pk": 121, "model": "pais.Pais", "fields": {"cdpais": "4421", "nmpais": "Lituânia", "cdsiscomex":"442", "sgpais2":"LT", "sgpais3":"LTU"}}, 
 {"pk": 122, "model": "pais.Pais", "fields": {"cdpais": "4456", "nmpais": "Luxemburgo", "cdsiscomex":"445", "sgpais2":"LU", "sgpais3":"LUX"}}, 
 {"pk": 123, "model": "pais.Pais", "fields": {"cdpais": "4472", "nmpais": "Macau", "cdsiscomex":"447", "sgpais2":"MO", "sgpais3":"MAC"}}, 
 {"pk": 124, "model": "pais.Pais", "fields": {"cdpais": "4499", "nmpais": "Macedônia (Ant.República Yugoslava)", "cdsiscomex":"449", "sgpais2":"MK", "sgpais3":"MKD"}}, 
 {"pk": 125, "model": "pais.Pais", "fields": {"cdpais": "4502", "nmpais": "Madagascar", "cdsiscomex":"450", "sgpais2":"MG", "sgpais3":"MDG"}}, 
 {"pk": 127, "model": "pais.Pais", "fields": {"cdpais": "4553", "nmpais": "Malásia", "cdsiscomex":"455", "sgpais2":"MY", "sgpais3":"MYS"}}, 
 {"pk": 129, "model": "pais.Pais", "fields": {"cdpais": "4618", "nmpais": "Maldivas", "cdsiscomex":"461", "sgpais2":"MV", "sgpais3":"MDV"}}, 
 {"pk": 130, "model": "pais.Pais", "fields": {"cdpais": "4642", "nmpais": "Mali", "cdsiscomex":"464", "sgpais2":"ML", "sgpais3":"MLI"}}, 
 {"pk": 131, "model": "pais.Pais", "fields": {"cdpais": "4677", "nmpais": "Malta", "cdsiscomex":"467", "sgpais2":"MT", "sgpais3":"MLT"}}, 
 {"pk": 132, "model": "pais.Pais", "fields": {"cdpais": "4723", "nmpais": "Ilhas Marianas do Norte", "cdsiscomex":"472", "sgpais2":"MP", "sgpais3":"MNP"}}, 
 {"pk": 133, "model": "pais.Pais", "fields": {"cdpais": "4740", "nmpais": "Marrocos", "cdsiscomex":"474", "sgpais2":"MA", "sgpais3":"MAR"}}, 
 {"pk": 134, "model": "pais.Pais", "fields": {"cdpais": "4766", "nmpais": "Ilhas Marshall", "cdsiscomex":"476", "sgpais2":"MH", "sgpais3":"MHL"}}, 
 {"pk": 135, "model": "pais.Pais", "fields": {"cdpais": "4774", "nmpais": "Martinica", "cdsiscomex":"477", "sgpais2":"MQ", "sgpais3":"MTQ"}}, 
 {"pk": 136, "model": "pais.Pais", "fields": {"cdpais": "4855", "nmpais": "Maurício", "cdsiscomex":"485", "sgpais2":"MU", "sgpais3":"MUS"}}, 
 {"pk": 137, "model": "pais.Pais", "fields": {"cdpais": "4880", "nmpais": "Mauritânia", "cdsiscomex":"488", "sgpais2":"MR", "sgpais3":"MRT"}}, 
 {"pk": 139, "model": "pais.Pais", "fields": {"cdpais": "4936", "nmpais": "México", "cdsiscomex":"493", "sgpais2":"MX", "sgpais3":"MEX"}}, 
 {"pk": 141, "model": "pais.Pais", "fields": {"cdpais": "4952", "nmpais": "Mônaco", "cdsiscomex":"495", "sgpais2":"MC", "sgpais3":"MCO"}}, 
 {"pk": 142, "model": "pais.Pais", "fields": {"cdpais": "4979", "nmpais": "Mongólia", "cdsiscomex":"497", "sgpais2":"MN", "sgpais3":"MNG"}}, 
 {"pk": 143, "model": "pais.Pais", "fields": {"cdpais": "4985", "nmpais": "Montenegro", "cdsiscomex":"498", "sgpais2":"ME", "sgpais3":"MNE"}}, 
 {"pk": 144, "model": "pais.Pais", "fields": {"cdpais": "4995", "nmpais": "Micronésia", "cdsiscomex":"499", "sgpais2":"FM", "sgpais3":"FSM"}}, 
 {"pk": 145, "model": "pais.Pais", "fields": {"cdpais": "5010", "nmpais": "Montserrat", "cdsiscomex":"501", "sgpais2":"MS", "sgpais3":"MSR"}}, 
 {"pk": 146, "model": "pais.Pais", "fields": {"cdpais": "5053", "nmpais": "Moçambique", "cdsiscomex":"505", "sgpais2":"MZ", "sgpais3":"MOZ"}}, 
 {"pk": 147, "model": "pais.Pais", "fields": {"cdpais": "5070", "nmpais": "Namíbia", "cdsiscomex":"507", "sgpais2":"NA", "sgpais3":"NAM"}}, 
 {"pk": 148, "model": "pais.Pais", "fields": {"cdpais": "5088", "nmpais": "Nauru", "cdsiscomex":"508", "sgpais2":"NR", "sgpais3":"NRU"}}, 
 {"pk": 150, "model": "pais.Pais", "fields": {"cdpais": "5177", "nmpais": "Nepal", "cdsiscomex":"517", "sgpais2":"NP", "sgpais3":"NPL"}}, 
 {"pk": 151, "model": "pais.Pais", "fields": {"cdpais": "5215", "nmpais": "Nicarágua", "cdsiscomex":"521", "sgpais2":"NI", "sgpais3":"NIC"}}, 
 {"pk": 152, "model": "pais.Pais", "fields": {"cdpais": "5258", "nmpais": "Níger", "cdsiscomex":"525", "sgpais2":"NE", "sgpais3":"NER"}}, 
 {"pk": 153, "model": "pais.Pais", "fields": {"cdpais": "5282", "nmpais": "Nigéria", "cdsiscomex":"528", "sgpais2":"NG", "sgpais3":"NGA"}}, 
 {"pk": 154, "model": "pais.Pais", "fields": {"cdpais": "5312", "nmpais": "Niue", "cdsiscomex":"531", "sgpais2":"NU", "sgpais3":"NIU"}}, 
 {"pk": 155, "model": "pais.Pais", "fields": {"cdpais": "5355", "nmpais": "Ilha Norfolk", "cdsiscomex":"535", "sgpais2":"NF", "sgpais3":"NFK"}}, 
 {"pk": 156, "model": "pais.Pais", "fields": {"cdpais": "5380", "nmpais": "Noruega", "cdsiscomex":"538", "sgpais2":"NO", "sgpais3":"NOR"}}, 
 {"pk": 157, "model": "pais.Pais", "fields": {"cdpais": "5428", "nmpais": "Nova Caledônia", "cdsiscomex":"542", "sgpais2":"NC", "sgpais3":"NCL"}}, 
 {"pk": 158, "model": "pais.Pais", "fields": {"cdpais": "5452", "nmpais": "Papua-Nova Guiné", "cdsiscomex":"545", "sgpais2":"PG", "sgpais3":"PNG"}}, 
 {"pk": 159, "model": "pais.Pais", "fields": {"cdpais": "5487", "nmpais": "Nova Zelândia", "cdsiscomex":"548", "sgpais2":"NZ", "sgpais3":"NZL"}}, 
 {"pk": 160, "model": "pais.Pais", "fields": {"cdpais": "5517", "nmpais": "Vanuatu", "cdsiscomex":"551", "sgpais2":"VU", "sgpais3":"VUT"}}, 
 {"pk": 161, "model": "pais.Pais", "fields": {"cdpais": "5568", "nmpais": "Omã", "cdsiscomex":"556", "sgpais2":"OM", "sgpais3":"OMN"}}, 
 {"pk": 164, "model": "pais.Pais", "fields": {"cdpais": "5754", "nmpais": "Palau", "cdsiscomex":"575", "sgpais2":"PW", "sgpais3":"PLW"}}, 
 {"pk": 165, "model": "pais.Pais", "fields": {"cdpais": "5762", "nmpais": "Paquistão", "cdsiscomex":"576", "sgpais2":"PK", "sgpais3":"PAK"}}, 
 {"pk": 166, "model": "pais.Pais", "fields": {"cdpais": "5800", "nmpais": "Panamá", "cdsiscomex":"580", "sgpais2":"PA", "sgpais3":"PAN"}}, 
 {"pk": 167, "model": "pais.Pais", "fields": {"cdpais": "5860", "nmpais": "Paraguai", "cdsiscomex":"586", "sgpais2":"PY", "sgpais3":"PRY"}}, 
 {"pk": 168, "model": "pais.Pais", "fields": {"cdpais": "5894", "nmpais": "Peru", "cdsiscomex":"589", "sgpais2":"PE", "sgpais3":"PER"}}, 
 {"pk": 169, "model": "pais.Pais", "fields": {"cdpais": "5932", "nmpais": "Ilha Pitcairn", "cdsiscomex":"593", "sgpais2":"PN", "sgpais3":"PCN"}}, 
 {"pk": 170, "model": "pais.Pais", "fields": {"cdpais": "5991", "nmpais": "Polinésia Francesa", "cdsiscomex":"599", "sgpais2":"PF", "sgpais3":"PYF"}}, 
 {"pk": 171, "model": "pais.Pais", "fields": {"cdpais": "6033", "nmpais": "Polônia", "cdsiscomex":"603", "sgpais2":"PL", "sgpais3":"POL"}}, 
 {"pk": 172, "model": "pais.Pais", "fields": {"cdpais": "6076", "nmpais": "Portugal", "cdsiscomex":"607", "sgpais2":"PT", "sgpais3":"PRT"}}, 
 {"pk": 173, "model": "pais.Pais", "fields": {"cdpais": "6114", "nmpais": "Porto Rico", "cdsiscomex":"611", "sgpais2":"PR", "sgpais3":"PRI"}}, 
 {"pk": 177, "model": "pais.Pais", "fields": {"cdpais": "6408", "nmpais": "República Centro-Africana", "cdsiscomex":"640", "sgpais2":"CF", "sgpais3":"CAF"}}, 
 {"pk": 178, "model": "pais.Pais", "fields": {"cdpais": "6475", "nmpais": "República Dominicana", "cdsiscomex":"647", "sgpais2":"DO", "sgpais3":"DOM"}}, 
 {"pk": 179, "model": "pais.Pais", "fields": {"cdpais": "6602", "nmpais": "Ilha Reunião", "cdsiscomex":"660", "sgpais2":"RE", "sgpais3":"REU"}}, 
 {"pk": 180, "model": "pais.Pais", "fields": {"cdpais": "6653", "nmpais": "Zimbábue", "cdsiscomex":"665", "sgpais2":"ZW", "sgpais3":"ZWE"}}, 
 {"pk": 181, "model": "pais.Pais", "fields": {"cdpais": "6700", "nmpais": "Romênia", "cdsiscomex":"670", "sgpais2":"RO", "sgpais3":"ROM"}}, 
 {"pk": 182, "model": "pais.Pais", "fields": {"cdpais": "6750", "nmpais": "Ruanda", "cdsiscomex":"675", "sgpais2":"RW", "sgpais3":"RWA"}}, 
 {"pk": 183, "model": "pais.Pais", "fields": {"cdpais": "6769", "nmpais": "Rússia - Federação Russa", "cdsiscomex":"676", "sgpais2":"RU", "sgpais3":"RUS"}}, 
 {"pk": 186, "model": "pais.Pais", "fields": {"cdpais": "6858", "nmpais": "Saara Ocidental", "cdsiscomex":"685", "sgpais2":"EH", "sgpais3":"ESH"}}, 
 {"pk": 187, "model": "pais.Pais", "fields": {"cdpais": "6874", "nmpais": "El Salvador", "cdsiscomex":"687", "sgpais2":"SV", "sgpais3":"SLV"}}, 
 {"pk": 188, "model": "pais.Pais", "fields": {"cdpais": "6904", "nmpais": "Samoa", "cdsiscomex":"690", "sgpais2":"WS", "sgpais3":"WSM"}}, 
 {"pk": 189, "model": "pais.Pais", "fields": {"cdpais": "6912", "nmpais": "Samoa Americana", "cdsiscomex":"691", "sgpais2":"AS", "sgpais3":"ASM"}}, 
 {"pk": 191, "model": "pais.Pais", "fields": {"cdpais": "6971", "nmpais": "San Marino", "cdsiscomex":"697", "sgpais2":"SM", "sgpais3":"SMR"}}, 
 {"pk": 192, "model": "pais.Pais", "fields": {"cdpais": "7005", "nmpais": "St. Pierre and Miquelon", "cdsiscomex":"700", "sgpais2":"PM", "sgpais3":"SPM"}}, 
 {"pk": 193, "model": "pais.Pais", "fields": {"cdpais": "7056", "nmpais": "Saint Vicente e Granadinas", "cdsiscomex":"705", "sgpais2":"VC", "sgpais3":"VCT"}}, 
 {"pk": 194, "model": "pais.Pais", "fields": {"cdpais": "7102", "nmpais": "Santa Helena", "cdsiscomex":"710", "sgpais2":"SH", "sgpais3":"SHN"}}, 
 {"pk": 195, "model": "pais.Pais", "fields": {"cdpais": "7153", "nmpais": "Santa Lúcia", "cdsiscomex":"715", "sgpais2":"LC", "sgpais3":"LCA"}}, 
 {"pk": 196, "model": "pais.Pais", "fields": {"cdpais": "7200", "nmpais": "São Tomé e Príncipe", "cdsiscomex":"720", "sgpais2":"ST", "sgpais3":"STP"}}, 
 {"pk": 197, "model": "pais.Pais", "fields": {"cdpais": "7285", "nmpais": "Senegal", "cdsiscomex":"728", "sgpais2":"SN", "sgpais3":"SEN"}}, 
 {"pk": 198, "model": "pais.Pais", "fields": {"cdpais": "7315", "nmpais": "Ilhas Seychelles", "cdsiscomex":"731", "sgpais2":"SC", "sgpais3":"SYC"}}, 
 {"pk": 199, "model": "pais.Pais", "fields": {"cdpais": "7358", "nmpais": "Serra Leoa", "cdsiscomex":"735", "sgpais2":"SL", "sgpais3":"SLE"}}, 
 {"pk": 200, "model": "pais.Pais", "fields": {"cdpais": "7370", "nmpais": "Sérvia", "cdsiscomex":"737", "sgpais2":"RS", "sgpais3":"SRB"}}, 
 {"pk": 201, "model": "pais.Pais", "fields": {"cdpais": "7412", "nmpais": "Cingapura", "cdsiscomex":"741", "sgpais2":"SG", "sgpais3":"SGP"}}, 
 {"pk": 202, "model": "pais.Pais", "fields": {"cdpais": "7447", "nmpais": "Síria", "cdsiscomex":"744", "sgpais2":"SY", "sgpais3":"SYR"}}, 
 {"pk": 203, "model": "pais.Pais", "fields": {"cdpais": "7480", "nmpais": "Somália", "cdsiscomex":"748", "sgpais2":"SO", "sgpais3":"SOM"}}, 
 {"pk": 204, "model": "pais.Pais", "fields": {"cdpais": "7501", "nmpais": "Sri Lanka", "cdsiscomex":"750", "sgpais2":"LK", "sgpais3":"LKA"}}, 
 {"pk": 205, "model": "pais.Pais", "fields": {"cdpais": "7544", "nmpais": "Suazilândia", "cdsiscomex":"754", "sgpais2":"SZ", "sgpais3":"SWZ"}}, 
 {"pk": 206, "model": "pais.Pais", "fields": {"cdpais": "7560", "nmpais": "Africa Do Sul", "cdsiscomex":"756", "sgpais2":"ZA", "sgpais3":"ZAF"}}, 
 {"pk": 207, "model": "pais.Pais", "fields": {"cdpais": "7595", "nmpais": "Sudão", "cdsiscomex":"759", "sgpais2":"SD", "sgpais3":"SDN"}}, 
 {"pk": 208, "model": "pais.Pais", "fields": {"cdpais": "7641", "nmpais": "Suécia", "cdsiscomex":"764", "sgpais2":"SE", "sgpais3":"SWE"}}, 
 {"pk": 209, "model": "pais.Pais", "fields": {"cdpais": "7676", "nmpais": "Suíça", "cdsiscomex":"767", "sgpais2":"CH", "sgpais3":"CHE"}}, 
 {"pk": 210, "model": "pais.Pais", "fields": {"cdpais": "7706", "nmpais": "Suriname", "cdsiscomex":"770", "sgpais2":"SR", "sgpais3":"SUR"}}, 
 {"pk": 211, "model": "pais.Pais", "fields": {"cdpais": "7722", "nmpais": "Tadjiquistão", "cdsiscomex":"772", "sgpais2":"TJ", "sgpais3":"TJK"}}, 
 {"pk": 212, "model": "pais.Pais", "fields": {"cdpais": "7765", "nmpais": "Tailândia", "cdsiscomex":"776", "sgpais2":"TH", "sgpais3":"THA"}}, 
 {"pk": 213, "model": "pais.Pais", "fields": {"cdpais": "7803", "nmpais": "Tanzânia", "cdsiscomex":"780", "sgpais2":"TZ", "sgpais3":"TZA"}}, 
 {"pk": 214, "model": "pais.Pais", "fields": {"cdpais": "7820", "nmpais": "Território Britânico do Oceano Índico", "cdsiscomex":"782", "sgpais2":"IO", "sgpais3":"IOT"}}, 
 {"pk": 215, "model": "pais.Pais", "fields": {"cdpais": "7838", "nmpais": "Djibuti", "cdsiscomex":"783", "sgpais2":"DJ", "sgpais3":"DJI"}}, 
 {"pk": 216, "model": "pais.Pais", "fields": {"cdpais": "7889", "nmpais": "Chade", "cdsiscomex":"788", "sgpais2":"TD", "sgpais3":"TCD"}}, 
 {"pk": 217, "model": "pais.Pais", "fields": {"cdpais": "7919", "nmpais": "República Tcheca", "cdsiscomex":"791", "sgpais2":"CZ", "sgpais3":"CZE"}}, 
 {"pk": 218, "model": "pais.Pais", "fields": {"cdpais": "7951", "nmpais": "Timor Leste", "cdsiscomex":"795", "sgpais2":"TP", "sgpais3":"TMP"}}, 
 {"pk": 219, "model": "pais.Pais", "fields": {"cdpais": "8001", "nmpais": "Togo", "cdsiscomex":"800", "sgpais2":"TG", "sgpais3":"TGO"}}, 
 {"pk": 221, "model": "pais.Pais", "fields": {"cdpais": "8109", "nmpais": "Tonga", "cdsiscomex":"810", "sgpais2":"TO", "sgpais3":"TON"}}, 
 {"pk": 222, "model": "pais.Pais", "fields": {"cdpais": "8150", "nmpais": "Trinidad and Tobago", "cdsiscomex":"815", "sgpais2":"TT", "sgpais3":"TTO"}}, 
 {"pk": 223, "model": "pais.Pais", "fields": {"cdpais": "8206", "nmpais": "Tunísia", "cdsiscomex":"820", "sgpais2":"TN", "sgpais3":"TUN"}}, 
 {"pk": 224, "model": "pais.Pais", "fields": {"cdpais": "8230", "nmpais": "Ilhas Turks e Caicos", "cdsiscomex":"823", "sgpais2":"TC", "sgpais3":"TCA"}}, 
 {"pk": 225, "model": "pais.Pais", "fields": {"cdpais": "8249", "nmpais": "Turcomenistão", "cdsiscomex":"824", "sgpais2":"TM", "sgpais3":"TKM"}}, 
 {"pk": 226, "model": "pais.Pais", "fields": {"cdpais": "8273", "nmpais": "Turquia", "cdsiscomex":"827", "sgpais2":"TR", "sgpais3":"TUR"}}, 
 {"pk": 227, "model": "pais.Pais", "fields": {"cdpais": "8281", "nmpais": "Tuvalu", "cdsiscomex":"828", "sgpais2":"TV", "sgpais3":"TUV"}}, 
 {"pk": 228, "model": "pais.Pais", "fields": {"cdpais": "8311", "nmpais": "Ucrânia", "cdsiscomex":"831", "sgpais2":"UA", "sgpais3":"UKR"}}, 
 {"pk": 229, "model": "pais.Pais", "fields": {"cdpais": "8338", "nmpais": "Uganda", "cdsiscomex":"833", "sgpais2":"UG", "sgpais3":"UGA"}}, 
 {"pk": 230, "model": "pais.Pais", "fields": {"cdpais": "8451", "nmpais": "Uruguai", "cdsiscomex":"845", "sgpais2":"UY", "sgpais3":"URY"}}, 
 {"pk": 231, "model": "pais.Pais", "fields": {"cdpais": "8478", "nmpais": "Uzbequistão", "cdsiscomex":"847", "sgpais2":"UZ", "sgpais3":"UZB"}}, 
 {"pk": 232, "model": "pais.Pais", "fields": {"cdpais": "8486", "nmpais": "Vaticano", "cdsiscomex":"848", "sgpais2":"VA", "sgpais3":"VAT"}}, 
 {"pk": 233, "model": "pais.Pais", "fields": {"cdpais": "8508", "nmpais": "Venezuela", "cdsiscomex":"850", "sgpais2":"VE", "sgpais3":"VEN"}}, 
 {"pk": 234, "model": "pais.Pais", "fields": {"cdpais": "8583", "nmpais": "Vietnã", "cdsiscomex":"858", "sgpais2":"VN", "sgpais3":"VNM"}}, 
 {"pk": 235, "model": "pais.Pais", "fields": {"cdpais": "8630", "nmpais": "Ilhas Virgens (Britanicas)", "cdsiscomex":"863", "sgpais2":"VG", "sgpais3":"VGB"}}, 
 {"pk": 236, "model": "pais.Pais", "fields": {"cdpais": "8664", "nmpais": "Ilhas Virgens (E.U.A.)", "cdsiscomex":"866", "sgpais2":"VI", "sgpais3":"VIR"}}, 
 {"pk": 237, "model": "pais.Pais", "fields": {"cdpais": "8702", "nmpais": "Fiji", "cdsiscomex":"870", "sgpais2":"FJ", "sgpais3":"FIN"}}, 
 {"pk": 239, "model": "pais.Pais", "fields": {"cdpais": "8885", "nmpais": "República Democrática do Congo, ", "cdsiscomex":"888", "sgpais2":"CD", "sgpais3":"COD"}}, 
 {"pk": 240, "model": "pais.Pais", "fields": {"cdpais": "8907", "nmpais": "Zâmbia", "cdsiscomex":"890", "sgpais2":"ZM", "sgpais3":"ZMB"}}
]