[{"pk": 1, "model": "unimedida.Unimedida", "fields": {"nmmedida": "Quilograma", "sgmedida": "kg", "qtfatorconv":1000, "idtipomed":"M"}},
 {"pk": 2, "model": "unimedida.Unimedida", "fields": {"nmmedida": "Hectograma", "sgmedida": "hg", "qtfatorconv":100, "idtipomed":"M"}},
 {"pk": 3, "model": "unimedida.Unimedida", "fields": {"nmmedida": "Decagrama", "sgmedida": "dag", "qtfatorconv":10, "idtipomed":"M"}},
 {"pk": 4, "model": "unimedida.Unimedida", "fields": {"nmmedida": "Grama", "sgmedida": "g", "qtfatorconv":1, "idtipomed":"M"}},
 {"pk": 5, "model": "unimedida.Unimedida", "fields": {"nmmedida": "Decigrama", "sgmedida": "dg", "qtfatorconv":0.1, "idtipomed":"M"}},
 {"pk": 6, "model": "unimedida.Unimedida", "fields": {"nmmedida": "Centigrama", "sgmedida": "cg", "qtfatorconv":0.01, "idtipomed":"M"}},
 {"pk": 7, "model": "unimedida.Unimedida", "fields": {"nmmedida": "Miligrama", "sgmedida": "mg", "qtfatorconv":0.001, "idtipomed":"M"}},
 {"pk": 8, "model": "unimedida.Unimedida", "fields": {"nmmedida": "Quilolitro", "sgmedida": "kl", "qtfatorconv":1000, "idtipomed":"C"}},
 {"pk": 9, "model": "unimedida.Unimedida", "fields": {"nmmedida": "Hectolitro", "sgmedida": "hl", "qtfatorconv":100, "idtipomed":"C"}},
 {"pk": 10, "model": "unimedida.Unimedida", "fields": {"nmmedida": "Decalitro", "sgmedida": "dal", "qtfatorconv":10, "idtipomed":"C"}},
 {"pk": 11, "model": "unimedida.Unimedida", "fields": {"nmmedida": "Litro", "sgmedida": "l", "qtfatorconv":1, "idtipomed":"C"}},
 {"pk": 12, "model": "unimedida.Unimedida", "fields": {"nmmedida": "Decilitro", "sgmedida": "dl", "qtfatorconv":0.1, "idtipomed":"C"}},
 {"pk": 13, "model": "unimedida.Unimedida", "fields": {"nmmedida": "Centilitro", "sgmedida": "cl", "qtfatorconv":0.01, "idtipomed":"C"}},
 {"pk": 14, "model": "unimedida.Unimedida", "fields": {"nmmedida": "Mililitro", "sgmedida": "ml", "qtfatorconv":0.001, "idtipomed":"C"}},
 {"pk": 15, "model": "unimedida.Unimedida", "fields": {"nmmedida": "Quilômetro cúbico", "sgmedida": "km³", "qtfatorconv":1000000000, "idtipomed":"V"}},
 {"pk": 16, "model": "unimedida.Unimedida", "fields": {"nmmedida": "Hectômetro cúbico", "sgmedida": "hm³", "qtfatorconv":1000000, "idtipomed":"V"}},
 {"pk": 17, "model": "unimedida.Unimedida", "fields": {"nmmedida": "Decâmetro cúbico", "sgmedida": "dam³", "qtfatorconv":1000, "idtipomed":"V"}},
 {"pk": 18, "model": "unimedida.Unimedida", "fields": {"nmmedida": "Metro cúbico", "sgmedida": "m³", "qtfatorconv":1, "idtipomed":"V"}},
 {"pk": 19, "model": "unimedida.Unimedida", "fields": {"nmmedida": "Decímetro cúbico", "sgmedida": "dm³", "qtfatorconv":0.001, "idtipomed":"V"}},
 {"pk": 20, "model": "unimedida.Unimedida", "fields": {"nmmedida": "Centímetro cúbico", "sgmedida": "cm³", "qtfatorconv":0.000001, "idtipomed":"V"}},
 {"pk": 21, "model": "unimedida.Unimedida", "fields": {"nmmedida": "Milímetro cúbico", "sgmedida": "mm³", "qtfatorconv":0.000000001, "idtipomed":"V"}},
 {"pk": 22, "model": "unimedida.Unimedida", "fields": {"nmmedida": "Unidade", "sgmedida": "UN", "qtfatorconv":1, "idtipomed":"U"}}
]