[{"pk": 1, "model": "banco.Banco", "fields": {"cnpjbanco": "28195667000106", "dssite": "www.abcbrasil.com.br", "cdbanco": "246", "nmbanco": "Banco ABC Brasil S.A."}}, {"pk": 2, "model": "banco.Banco", "fields": {"cnpjbanco": "03532415000102", "dssite": "www.bancocr2.com.br", "cdbanco": "75", "nmbanco": "Banco ABN AMRO S.A."}}, {"pk": 3, "model": "banco.Banco", "fields": {"cnpjbanco": "03323840000183", "dssite": "www.bancoalfa.com.br", "cdbanco": "25", "nmbanco": "Banco Alfa S.A."}}, {"pk": 4, "model": "banco.Banco", "fields": {"cnpjbanco": "33870163000184", "dssite": "Não possui site", "cdbanco": "641", "nmbanco": "Banco Alvorada S.A."}}, {"pk": 5, "model": "banco.Banco", "fields": {"cnpjbanco": "48795256000169", "dssite": "www.bancobracce.com.br", "cdbanco": "65", "nmbanco": "Banco AndBank (Brasil) S.A."}}, {"pk": 6, "model": "banco.Banco", "fields": {"cnpjbanco": "10866788000177", "dssite": "www.bandepe.com.br", "cdbanco": "24", "nmbanco": "Banco BANDEPE S.A."}}, {"pk": 7, "model": "banco.Banco", "fields": {"cnpjbanco": "33885724000119", "dssite": "www.banerj.com.br", "cdbanco": "29", "nmbanco": "Banco Banerj S.A."}}, {"pk": 8, "model": "banco.Banco", "fields": {"cnpjbanco": "60419645000195", "dssite": "www.aexp.com", "cdbanco": "0", "nmbanco": "Banco Bankpar S.A."}}, {"pk": 9, "model": "banco.Banco", "fields": {"cnpjbanco": "61146577000109", "dssite": "www.barclays.com", "cdbanco": "740", "nmbanco": "Banco Barclays S.A."}}, {"pk": 10, "model": "banco.Banco", "fields": {"cnpjbanco": "15114366000169", "dssite": "www.bbmbank.com.br", "cdbanco": "107", "nmbanco": "Banco BBM S.A."}}, {"pk": 11, "model": "banco.Banco", "fields": {"cnpjbanco": "01540541000175", "dssite": "www.itau.com.br", "cdbanco": "31", "nmbanco": "Banco Beg S.A."}}, {"pk": 12, "model": "banco.Banco", "fields": {"cnpjbanco": "997185", "dssite": "www.bmf.com.br", "cdbanco": "96", "nmbanco": "Banco BM&FBOVESPA de Serviços de Liquidação e Custódia S.A"}}, {"pk": 13, "model": "banco.Banco", "fields": {"cnpjbanco": "61186680000174", "dssite": "www.bancobmg.com.br", "cdbanco": "318", "nmbanco": "Banco BMG S.A."}}, {"pk": 14, "model": "banco.Banco", "fields": {"cnpjbanco": "01522368000182", "dssite": "www.bnpparibas.com.br", "cdbanco": "752", "nmbanco": "Banco BNP Paribas Brasil S.A."}}, {"pk": 15, "model": "banco.Banco", "fields": {"cnpjbanco": "33485541000106", "dssite": "não possui site", "cdbanco": "248", "nmbanco": "Banco Boavista Interatlântico S.A."}}, {"pk": 16, "model": "banco.Banco", "fields": {"cnpjbanco": "71027866000134", "dssite": "www.bancobonsucesso.com.br", "cdbanco": "218", "nmbanco": "Banco Bonsucesso S.A."}}, {"pk": 17, "model": "banco.Banco", "fields": {"cnpjbanco": "06271464000119", "dssite": "Não possui site", "cdbanco": "36", "nmbanco": "Banco Bradesco BBI S.A."}}, {"pk": 18, "model": "banco.Banco", "fields": {"cnpjbanco": "59438325000101", "dssite": "www.iamex.com.br", "cdbanco": "204", "nmbanco": "Banco Bradesco Cartões S.A."}}, {"pk": 19, "model": "banco.Banco", "fields": {"cnpjbanco": "07207996000150", "dssite": "www.bmc.com.br", "cdbanco": "394", "nmbanco": "Banco Bradesco Financiamentos S.A."}}, {"pk": 20, "model": "banco.Banco", "fields": {"cnpjbanco": "60746948000112", "dssite": "www.bradesco.com.br", "cdbanco": "237", "nmbanco": "Banco Bradesco S.A."}}, {"pk": 21, "model": "banco.Banco", "fields": {"cnpjbanco": "30306294000145", "dssite": "www.pactual.com.br", "cdbanco": "208", "nmbanco": "Banco BTG Pactual S.A."}}, {"pk": 22, "model": "banco.Banco", "fields": {"cnpjbanco": "33349358000183", "dssite": "www.bancocacique.com.br", "cdbanco": "263", "nmbanco": "Banco Cacique S.A."}}, {"pk": 23, "model": "banco.Banco", "fields": {"cnpjbanco": "33466988", "dssite": "www.bcgbrasil.com.br", "cdbanco": "473", "nmbanco": "Banco Caixa Geral - Brasil S.A."}}, {"pk": 24, "model": "banco.Banco", "fields": {"cnpjbanco": "03609817000150", "dssite": "www.bancocargill.com.br", "cdbanco": "40", "nmbanco": "Banco Cargill S.A."}}, {"pk": 25, "model": "banco.Banco", "fields": {"cnpjbanco": "02658435000153", "dssite": "www.catfinancial.com.br", "cdbanco": "", "nmbanco": "Banco Caterpillar S.A."}}, {"pk": 26, "model": "banco.Banco", "fields": {"cnpjbanco": "00558456000171", "dssite": "www.cetelem.com.br", "cdbanco": "739", "nmbanco": "Banco Cetelem S.A."}}, {"pk": 27, "model": "banco.Banco", "fields": {"cnpjbanco": "62421979000129", "dssite": "www.bancocifra.com.br", "cdbanco": "233", "nmbanco": "Banco Cifra S.A."}}, {"pk": 28, "model": "banco.Banco", "fields": {"cnpjbanco": "33479023000180", "dssite": "www.citibank.com.br", "cdbanco": "745", "nmbanco": "Banco Citibank S.A."}}, {"pk": 29, "model": "banco.Banco", "fields": {"cnpjbanco": "34098442", "dssite": "www.credicardbanco.com.br", "cdbanco": "0", "nmbanco": "Banco Citicard S.A."}}, {"pk": 30, "model": "banco.Banco", "fields": {"cnpjbanco": "02992446000175", "dssite": "www.bancocnh.com.br", "cdbanco": "0", "nmbanco": "Banco CNH Industrial Capital S.A."}}, {"pk": 31, "model": "banco.Banco", "fields": {"cnpjbanco": "61230165000144", "dssite": "www.sudameris.com.br", "cdbanco": "215", "nmbanco": "Banco Comercial e de Investimento Sudameris S.A."}}, {"pk": 32, "model": "banco.Banco", "fields": {"cnpjbanco": "11703662000144", "dssite": "www.bancoconfidence.com.br", "cdbanco": "95", "nmbanco": "Banco Confidence de Câmbio S.A."}}, {"pk": 33, "model": "banco.Banco", "fields": {"cnpjbanco": "02038232000164", "dssite": "www.bancoob.com.br", "cdbanco": "756", "nmbanco": "Banco Cooperativo do Brasil S.A. - BANCOOB"}}, {"pk": 34, "model": "banco.Banco", "fields": {"cnpjbanco": "01181521000155", "dssite": "www.sicredi.com.br", "cdbanco": "748", "nmbanco": "Banco Cooperativo Sicredi S.A."}}, {"pk": 35, "model": "banco.Banco", "fields": {"cnpjbanco": "75647891000171", "dssite": "www.calyon.com.br", "cdbanco": "222", "nmbanco": "Banco Credit Agricole Brasil S.A."}}, {"pk": 36, "model": "banco.Banco", "fields": {"cnpjbanco": "32062580000138", "dssite": "www.csfb.com", "cdbanco": "505", "nmbanco": "Banco Credit Suisse (Brasil) S.A."}}, {"pk": 37, "model": "banco.Banco", "fields": {"cnpjbanco": "8357240", "dssite": "", "cdbanco": "", "nmbanco": "Banco CSF S.A."}}, {"pk": 38, "model": "banco.Banco", "fields": {"cnpjbanco": "04902979000144", "dssite": "www.bancoamazonia.com.br", "cdbanco": "3", "nmbanco": "Banco da Amazônia S.A."}}, {"pk": 39, "model": "banco.Banco", "fields": {"cnpjbanco": "10690848", "dssite": "", "cdbanco": "083-3", "nmbanco": "Banco da China Brasil S.A."}}, {"pk": 40, "model": "banco.Banco", "fields": {"cnpjbanco": "62232889000190", "dssite": "www.daycoval.com.br", "cdbanco": "707", "nmbanco": "Banco Daycoval S.A."}}, {"pk": 41, "model": "banco.Banco", "fields": {"cnpjbanco": "05040481000182", "dssite": "www.delagelanden.com", "cdbanco": "0", "nmbanco": "Banco de Lage Landen Brasil S.A."}}, {"pk": 42, "model": "banco.Banco", "fields": {"cnpjbanco": "60498557000126", "dssite": "www.btm.com.br", "cdbanco": "456", "nmbanco": "Banco de Tokyo-Mitsubishi UFJ Brasil S.A."}}, {"pk": 43, "model": "banco.Banco", "fields": {"cnpjbanco": "61199881000106", "dssite": "www.bancodibens.com.br", "cdbanco": "214", "nmbanco": "Banco Dibens S.A."}}, {"pk": 44, "model": "banco.Banco", "fields": {"cnpjbanco": "00000000000191", "dssite": "www.bb.com.br", "cdbanco": "1", "nmbanco": "Banco do Brasil S.A."}}, {"pk": 45, "model": "banco.Banco", "fields": {"cnpjbanco": "13009717000146", "dssite": "www.banese.com.br", "cdbanco": "47", "nmbanco": "Banco do Estado de Sergipe S.A."}}, {"pk": 46, "model": "banco.Banco", "fields": {"cnpjbanco": "04913711000108", "dssite": "www.banparanet.com.br", "cdbanco": "37", "nmbanco": "Banco do Estado do Pará S.A."}}, {"pk": 47, "model": "banco.Banco", "fields": {"cnpjbanco": "92702067000196", "dssite": "www.banrisul.com.br", "cdbanco": "41", "nmbanco": "Banco do Estado do Rio Grande do Sul S.A."}}, {"pk": 48, "model": "banco.Banco", "fields": {"cnpjbanco": "07237373000120", "dssite": "www.banconordeste.gov.br", "cdbanco": "4", "nmbanco": "Banco do Nordeste do Brasil S.A."}}, {"pk": 49, "model": "banco.Banco", "fields": {"cnpjbanco": "33644196000106", "dssite": "www.bancofator.com.br", "cdbanco": "265", "nmbanco": "Banco Fator S.A."}}, {"pk": 50, "model": "banco.Banco", "fields": {"cnpjbanco": "61190658000106", "dssite": "www.bancofiat.com.br", "cdbanco": "0", "nmbanco": "Banco Fiat S.A."}}, {"pk": 51, "model": "banco.Banco", "fields": {"cnpjbanco": "58616418000108", "dssite": "www.bancofibra.com.br", "cdbanco": "224", "nmbanco": "Banco Fibra S.A."}}, {"pk": 52, "model": "banco.Banco", "fields": {"cnpjbanco": "61348538000186", "dssite": "www.ficsa.com.br", "cdbanco": "626", "nmbanco": "Banco Ficsa S.A."}}, {"pk": 53, "model": "banco.Banco", "fields": {"cnpjbanco": "62237425", "dssite": "www.bancofidis.com.br", "cdbanco": "", "nmbanco": "Banco Fidis S.A."}}, {"pk": 54, "model": "banco.Banco", "fields": {"cnpjbanco": "90731688000172", "dssite": "www.bancoford.com.br", "cdbanco": "0", "nmbanco": "Banco Ford S.A."}}, {"pk": 55, "model": "banco.Banco", "fields": {"cnpjbanco": "59274605", "dssite": "www.bancogmac.com.br", "cdbanco": "0", "nmbanco": "Banco GMAC S.A."}}, {"pk": 56, "model": "banco.Banco", "fields": {"cnpjbanco": "31880826000116", "dssite": "www.bancoguanabara.com.br", "cdbanco": "612", "nmbanco": "Banco Guanabara S.A."}}, {"pk": 57, "model": "banco.Banco", "fields": {"cnpjbanco": "03634220000165", "dssite": "www.bancohonda.com.br", "cdbanco": "0", "nmbanco": "Banco Honda S.A."}}, {"pk": 58, "model": "banco.Banco", "fields": {"cnpjbanco": "04184779000101", "dssite": "www.ibi.com.br", "cdbanco": "63", "nmbanco": "Banco Ibi S.A. Banco Múltiplo"}}, {"pk": 59, "model": "banco.Banco", "fields": {"cnpjbanco": "34270520", "dssite": "www.ibm.com/br/financing/", "cdbanco": "0", "nmbanco": "Banco IBM S.A."}}, {"pk": 60, "model": "banco.Banco", "fields": {"cnpjbanco": "31895683000116", "dssite": "www.bancoindustrial.com.br", "cdbanco": "604", "nmbanco": "Banco Industrial do Brasil S.A."}}, {"pk": 61, "model": "banco.Banco", "fields": {"cnpjbanco": "07450604000189", "dssite": "www.bicbanco.com.br", "cdbanco": "320", "nmbanco": "Banco Industrial e Comercial S.A."}}, {"pk": 62, "model": "banco.Banco", "fields": {"cnpjbanco": "61024352", "dssite": "www.bip.b.br", "cdbanco": "653", "nmbanco": "Banco Indusval S.A."}}, {"pk": 63, "model": "banco.Banco", "fields": {"cnpjbanco": "61182408000116", "dssite": "Não possui site", "cdbanco": "249", "nmbanco": "Banco Investcred Unibanco S.A."}}, {"pk": 64, "model": "banco.Banco", "fields": {"cnpjbanco": "17298092000130", "dssite": "www.itaubba.com.br", "cdbanco": "184", "nmbanco": "Banco Itaú BBA S.A."}}, {"pk": 65, "model": "banco.Banco", "fields": {"cnpjbanco": "60394079000104", "dssite": "www.itaubank.com.br", "cdbanco": "479", "nmbanco": "Banco ItaúBank S.A"}}, {"pk": 66, "model": "banco.Banco", "fields": {"cnpjbanco": "17192451", "dssite": "", "cdbanco": "", "nmbanco": "Banco Itaucard S.A."}}, {"pk": 67, "model": "banco.Banco", "fields": {"cnpjbanco": "59461152000134", "dssite": "www.itaucred.com.br", "cdbanco": "0", "nmbanco": "Banco Itaucred Financiamentos S.A."}}, {"pk": 68, "model": "banco.Banco", "fields": {"cnpjbanco": "33172537000198", "dssite": "www.jpmorgan.com", "cdbanco": "376", "nmbanco": "Banco J. P. Morgan S.A."}}, {"pk": 69, "model": "banco.Banco", "fields": {"cnpjbanco": "03017677000120", "dssite": "www.jsafra.com.br", "cdbanco": "74", "nmbanco": "Banco J. Safra S.A."}}, {"pk": 70, "model": "banco.Banco", "fields": {"cnpjbanco": "91884981000132", "dssite": "www.johndeere.com.br", "cdbanco": "217", "nmbanco": "Banco John Deere S.A."}}, {"pk": 71, "model": "banco.Banco", "fields": {"cnpjbanco": "59118133000100", "dssite": "www.lusobrasileiro.com.br", "cdbanco": "600", "nmbanco": "Banco Luso Brasileiro S.A."}}, {"pk": 72, "model": "banco.Banco", "fields": {"cnpjbanco": "17184037000110", "dssite": "www.mercantil.com.br", "cdbanco": "389", "nmbanco": "Banco Mercantil do Brasil S.A."}}, {"pk": 73, "model": "banco.Banco", "fields": {"cnpjbanco": "61088183000133", "dssite": "www.mizuhobank.com/brazil/pt/", "cdbanco": "370", "nmbanco": "Banco Mizuho do Brasil S.A."}}, {"pk": 74, "model": "banco.Banco", "fields": {"cnpjbanco": "30723886000162", "dssite": "www.bancomodal.com.br", "cdbanco": "746", "nmbanco": "Banco Modal S.A."}}, {"pk": 75, "model": "banco.Banco", "fields": {"cnpjbanco": "33857830000199", "dssite": "www.opportunity.com.br", "cdbanco": "45", "nmbanco": "Banco Opportunity S.A."}}, {"pk": 76, "model": "banco.Banco", "fields": {"cnpjbanco": "92894922000108", "dssite": "www.bancooriginal.com.br", "cdbanco": "212", "nmbanco": "Banco Original S.A."}}, {"pk": 77, "model": "banco.Banco", "fields": {"cnpjbanco": "59285411000113", "dssite": "www.bancopan.com.br", "cdbanco": "623", "nmbanco": "Banco PAN S.A."}}, {"pk": 78, "model": "banco.Banco", "fields": {"cnpjbanco": "61820817000109", "dssite": "www.bancopaulista.com.br", "cdbanco": "611", "nmbanco": "Banco Paulista S.A."}}, {"pk": 79, "model": "banco.Banco", "fields": {"cnpjbanco": "11758741000152", "dssite": "www.personaltrader.com.br", "cdbanco": "094-2", "nmbanco": "Banco Petra S.A."}}, {"pk": 80, "model": "banco.Banco", "fields": {"cnpjbanco": "62144175000120", "dssite": "www.bancopine.com.br", "cdbanco": "643", "nmbanco": "Banco Pine S.A."}}, {"pk": 81, "model": "banco.Banco", "fields": {"cnpjbanco": "03502961000192", "dssite": "Não possui site", "cdbanco": "0", "nmbanco": "Banco PSA Finance Brasil S.A."}}, {"pk": 82, "model": "banco.Banco", "fields": {"cnpjbanco": "01023570000160", "dssite": "www.rabobank.com.br", "cdbanco": "747", "nmbanco": "Banco Rabobank International Brasil S.A."}}, {"pk": 83, "model": "banco.Banco", "fields": {"cnpjbanco": "33066408000115", "dssite": "www.bancoreal.com.br", "cdbanco": "356", "nmbanco": "Banco Real S.A."}}, {"pk": 84, "model": "banco.Banco", "fields": {"cnpjbanco": "68900810000138", "dssite": "www.rendimento.com.br", "cdbanco": "633", "nmbanco": "Banco Rendimento S.A."}}, {"pk": 85, "model": "banco.Banco", "fields": {"cnpjbanco": "33603457000140", "dssite": "www.rodobens.com.br", "cdbanco": "0", "nmbanco": "Banco Rodobens S.A."}}, {"pk": 86, "model": "banco.Banco", "fields": {"cnpjbanco": "58160789000128", "dssite": "www.safra.com.br", "cdbanco": "422", "nmbanco": "Banco Safra S.A."}}, {"pk": 87, "model": "banco.Banco", "fields": {"cnpjbanco": "90400888000142", "dssite": "www.santander.com.br", "cdbanco": "33", "nmbanco": "Banco Santander (Brasil) S.A."}}, {"pk": 88, "model": "banco.Banco", "fields": {"cnpjbanco": "61533584000155", "dssite": "www.sgbrasil.com.br", "cdbanco": "366", "nmbanco": "Banco Société Générale Brasil S.A."}}, {"pk": 89, "model": "banco.Banco", "fields": {"cnpjbanco": "04866275000163", "dssite": "www.standardbank.com", "cdbanco": "12", "nmbanco": "Banco Standard de Investimentos S.A."}}, {"pk": 90, "model": "banco.Banco", "fields": {"cnpjbanco": "60518222000122", "dssite": "não possue site", "cdbanco": "464", "nmbanco": "Banco Sumitomo Mitsui Brasileiro S.A."}}, {"pk": 91, "model": "banco.Banco", "fields": {"cnpjbanco": "7679404", "dssite": "www.bancotopazio.com.br", "cdbanco": "082-5", "nmbanco": "Banco Topázio S.A."}}, {"pk": 92, "model": "banco.Banco", "fields": {"cnpjbanco": "03215790000110", "dssite": "www.bancotoyota.com.br", "cdbanco": "0", "nmbanco": "Banco Toyota do Brasil S.A."}}, {"pk": 93, "model": "banco.Banco", "fields": {"cnpjbanco": "17351180000159", "dssite": "www.tribanco.com.br", "cdbanco": "634", "nmbanco": "Banco Triângulo S.A."}}, {"pk": 94, "model": "banco.Banco", "fields": {"cnpjbanco": "59109165000149", "dssite": "www.bancovw.com.br", "cdbanco": "0", "nmbanco": "Banco Volkswagen S.A."}}, {"pk": 95, "model": "banco.Banco", "fields": {"cnpjbanco": "58017179000170", "dssite": "Não possui site", "cdbanco": "0", "nmbanco": "Banco Volvo (Brasil) S.A."}}, {"pk": 96, "model": "banco.Banco", "fields": {"cnpjbanco": "59588111000103", "dssite": "www.bancovotorantim.com.br", "cdbanco": "655", "nmbanco": "Banco Votorantim S.A."}}, {"pk": 97, "model": "banco.Banco", "fields": {"cnpjbanco": "78626983000163", "dssite": "www.vr.com.br", "cdbanco": "610", "nmbanco": "Banco VR S.A."}}, {"pk": 98, "model": "banco.Banco", "fields": {"cnpjbanco": "13720915", "dssite": "", "cdbanco": "119", "nmbanco": "Banco Western Union do Brasil S.A."}}, {"pk": 99, "model": "banco.Banco", "fields": {"cnpjbanco": "10371492", "dssite": "www.yamaha-motor.com.br", "cdbanco": "", "nmbanco": "Banco Yamaha Motor S.A."}}, {"pk": 100, "model": "banco.Banco", "fields": {"cnpjbanco": "28127603000178", "dssite": "www.banestes.com.br", "cdbanco": "21", "nmbanco": "BANESTES S.A. Banco do Estado do Espírito Santo"}}, {"pk": 101, "model": "banco.Banco", "fields": {"cnpjbanco": "33884941000194", "dssite": "www.banif.com.br", "cdbanco": "719", "nmbanco": "Banif-Banco Internacional do Funchal (Brasil)S.A."}}, {"pk": 102, "model": "banco.Banco", "fields": {"cnpjbanco": "62073200000121", "dssite": "www.ml.com", "cdbanco": "755", "nmbanco": "Bank of America Merrill Lynch Banco Múltiplo S.A."}}, {"pk": 103, "model": "banco.Banco", "fields": {"cnpjbanco": "6043056", "dssite": "www.bancopopulardobrasil.com.br", "cdbanco": "73", "nmbanco": "BB Banco Popular do Brasil S.A."}}, {"pk": 104, "model": "banco.Banco", "fields": {"cnpjbanco": "10264663000177", "dssite": "www.concordiabanco.com", "cdbanco": "081-7", "nmbanco": "BBN Banco Brasileiro de Negócios S.A."}}, {"pk": 105, "model": "banco.Banco", "fields": {"cnpjbanco": "50585090000106", "dssite": "www.bancobcv.com.br", "cdbanco": "250", "nmbanco": "BCV - Banco de Crédito e Varejo S.A."}}, {"pk": 106, "model": "banco.Banco", "fields": {"cnpjbanco": "34111187", "dssite": "www.besinvestimento.com.br", "cdbanco": "78", "nmbanco": "BES Investimento do Brasil S.A.-Banco de Investimento"}}, {"pk": 107, "model": "banco.Banco", "fields": {"cnpjbanco": "42272526000170", "dssite": "www.bnymellon.com.br", "cdbanco": "", "nmbanco": "BNY Mellon Banco S.A."}}, {"pk": 108, "model": "banco.Banco", "fields": {"cnpjbanco": "61033106", "dssite": "www.bpnbrasil.com.br", "cdbanco": "69", "nmbanco": "BPN Brasil Banco Múltiplo S.A."}}, {"pk": 109, "model": "banco.Banco", "fields": {"cnpjbanco": "45246410", "dssite": "www.brasilplural.com", "cdbanco": "125", "nmbanco": "Brasil Plural S.A. - Banco Múltiplo"}}, {"pk": 110, "model": "banco.Banco", "fields": {"cnpjbanco": "00000208000100", "dssite": "www.brb.com.br", "cdbanco": "70", "nmbanco": "BRB - Banco de Brasília S.A."}}, {"pk": 111, "model": "banco.Banco", "fields": {"cnpjbanco": "00360305000104", "dssite": "www.caixa.gov.br", "cdbanco": "104", "nmbanco": "Caixa Econômica Federal"}}, {"pk": 112, "model": "banco.Banco", "fields": {"cnpjbanco": "33042953000100", "dssite": "www.citibank.com/brasil", "cdbanco": "477", "nmbanco": "Citibank S.A."}}, {"pk": 113, "model": "banco.Banco", "fields": {"cnpjbanco": "62331228000111", "dssite": "www.deutsche-bank.com.br", "cdbanco": "487", "nmbanco": "Deutsche Bank S.A. - Banco Alemão"}}, {"pk": 114, "model": "banco.Banco", "fields": {"cnpjbanco": "04332281000130", "dssite": "www.goldmansachs.com", "cdbanco": "64", "nmbanco": "Goldman Sachs do Brasil Banco Múltiplo S.A."}}, {"pk": 115, "model": "banco.Banco", "fields": {"cnpjbanco": "03012230000169", "dssite": "www.hipercard.com.br", "cdbanco": "62", "nmbanco": "Hipercard Banco Múltiplo S.A."}}, {"pk": 116, "model": "banco.Banco", "fields": {"cnpjbanco": "01701201000189", "dssite": "www.hsbc.com.br", "cdbanco": "399", "nmbanco": "HSBC Bank Brasil S.A. - Banco Múltiplo"}}, {"pk": 117, "model": "banco.Banco", "fields": {"cnpjbanco": "49336860000190", "dssite": "www.ing.com", "cdbanco": "492", "nmbanco": "ING Bank N.V."}}, {"pk": 118, "model": "banco.Banco", "fields": {"cnpjbanco": "60872504000123", "dssite": "www.itau.com.br", "cdbanco": "652", "nmbanco": "Itaú Unibanco Holding S.A."}}, {"pk": 119, "model": "banco.Banco", "fields": {"cnpjbanco": "60701190000104", "dssite": "www.itau.com.br", "cdbanco": "341", "nmbanco": "Itaú Unibanco S.A."}}, {"pk": 120, "model": "banco.Banco", "fields": {"cnpjbanco": "46518205000164", "dssite": "www.jpmorganchase.com", "cdbanco": "488", "nmbanco": "JPMorgan Chase Bank"}}, {"pk": 121, "model": "banco.Banco", "fields": {"cnpjbanco": "14388334000199", "dssite": "www.paranabanco.com.br", "cdbanco": "254", "nmbanco": "Paraná Banco S.A."}}, {"pk": 122, "model": "banco.Banco", "fields": {"cnpjbanco": "29030467000166", "dssite": "www.br.scotiabank.com", "cdbanco": "751", "nmbanco": "Scotiabank Brasil S.A. Banco Múltiplo"}}, {"pk": 123, "model": "banco.Banco", "fields": {"cnpjbanco": "11932017000101", "dssite": "www.standardchartered.com", "cdbanco": "", "nmbanco": "Standard Chartered Bank (Brasil) S/A-Bco Invest."}}, {"pk": 124, "model": "banco.Banco", "fields": {"cnpjbanco": "18520834000193", "dssite": "WWW.UBS.COM", "cdbanco": "", "nmbanco": "UBS Brasil Banco de Investimento S.A."}}, {"pk": 125, "model": "banco.Banco", "fields": {"cnpjbanco": "33700394000140", "dssite": "www.unibanco.com.br", "cdbanco": "409", "nmbanco": "UNIBANCO - União de Bancos Brasileiros S.A."}}]